{
  "loss": 0.15405339713801036,
  "auroc": 0.9836032489114556,
  "auprc": 0.9730892210052043,
  "cell_acc": 0.9960705830668977,
  "cell_f1": 0.9935457899432301
}