{
  "checkpoint": "checkpoints_v2_edgesplit/best_model.pt",
  "epoch": 119,
  "split": "test",
  "n_held_out_edges": 4418,
  "held_out": {
    "uniform": {
      "auroc": 0.555352140064082,
      "auprc": 0.5887778395789404,
      "cell_acc": 0.9915879343356665
    },
    "degree_matched": {
      "auroc": 0.627100936637437,
      "auprc": 0.6664521913324453,
      "cell_acc": 0.9916477077944339
    }
  },
  "reference_seen_edges": {
    "uniform": 0.9836,
    "degree_matched": 0.8828
  },
  "attribution": {
    "negatives_only": 0.1008,
    "split_only": 0.4282478599359181,
    "total": 0.356499063362563
  }
}