{
  "split": "val",
  "n_held_out_edges": 4418,
  "train_edges_visible": 35350,
  "hgt_v2_edgesplit_auroc_reference": 0.6268,
  "best_model_free_degree_matched": 0.5910777774202862,
  "results": {
    "uniform": {
      "gene_degree": {
        "auroc": 0.8723262084140335,
        "auprc": 0.8341999988509204,
        "n_pairs": 8836
      },
      "pref_attach": {
        "auroc": 0.8371071029028331,
        "auprc": 0.79864417789882,
        "n_pairs": 8836
      },
      "common_neigh": {
        "auroc": 0.8581506659964043,
        "auprc": 0.8435253127795354,
        "n_pairs": 8836
      },
      "adamic_adar": {
        "auroc": 0.8615682049707757,
        "auprc": 0.8491557015121344,
        "n_pairs": 8836
      }
    },
    "degree_matched": {
      "gene_degree": {
        "auroc": 0.5123271633944925,
        "auprc": 0.5122699488537297,
        "n_pairs": 8836
      },
      "pref_attach": {
        "auroc": 0.5071289752342417,
        "auprc": 0.506602443835672,
        "n_pairs": 8836
      },
      "common_neigh": {
        "auroc": 0.5836102042326128,
        "auprc": 0.6088122888441919,
        "n_pairs": 8836
      },
      "adamic_adar": {
        "auroc": 0.5910777774202862,
        "auprc": 0.6174621739544289,
        "n_pairs": 8836
      }
    }
  }
}